Order Paper date,Committee name,Report description,HC Number,Publication date,Publication time,HC matched
2026-02-03,Business and Trade,13th Report - Priorities of the Business and Trade Committee for 2026,HC 1411,2026-02-03,00:01:00,Published
2026-02-03,Procedure,4th Report - Call lists,HC 536,2026-02-03,10:00:00,Published
2026-02-04,Public Accounts,65th Report: Efficiency and resilience of the Probation Service,HC 1235,2026-02-04,00:01:00,Published
2026-02-04,Business and Trade,14th Report: Toward a new doctrine for economic security: Government Response,HC 1666,2026-02-04,21:30:00,Published
2026-02-05,"Environment, Food and Rural Affairs",5th Report: UK-EU agritrade: making an SPS agreement work,HC 1661,2026-02-05,00:01:00,Published
2026-02-05,International Development,9th Report: Future of UK aid and development assistance: interim report,HC 1330,2026-02-05,00:01:00,Published
2026-02-05,Restoration and Renewal Client Board (Joint),Delivering restoration and renewal of the Palace of Westminster: the costed proposals,HC 1576,2026-02-05,14:00:00,Published
2026-02-09,Transport,6th Report: Sifting of proposed negative Statutory instruments,HC 1679,2026-02-09,06:00:00,Published
2026-02-09,Women and Equalities,9th Special Report: Tackling HIV transmission: Government Response,HC 1663,2026-02-09,06:00:00,Published
2026-02-09,Statutory Instruments (Joint),Forty-seventh Report of Session 2024–26,HC 291-xlvii,2026-02-09,06:00:00,Due
2026-02-09,"Housing, Communities and Local Government",4th Report: Housing Conditions in the Social Rented Sector,HC 1154,2026-02-09,09:00:00,Due
2026-02-09,Northern Ireland Affairs,3rd Report: Operation Kenova: naming Stakeknife,HC 1580,2026-02-09,09:00:00,Due
